-- MySQL dump 10.13  Distrib 8.4.10, for Linux (x86_64)
--
-- Host: 103.162.20.119    Database: finsight
-- ------------------------------------------------------
-- Server version	9.6.0

/*!40101 SET @OLD_CHARACTER_SET_CLIENT=@@CHARACTER_SET_CLIENT */;
/*!40101 SET @OLD_CHARACTER_SET_RESULTS=@@CHARACTER_SET_RESULTS */;
/*!40101 SET @OLD_COLLATION_CONNECTION=@@COLLATION_CONNECTION */;
/*!50503 SET NAMES utf8mb4 */;
/*!40103 SET @OLD_TIME_ZONE=@@TIME_ZONE */;
/*!40103 SET TIME_ZONE='+00:00' */;
/*!40014 SET @OLD_UNIQUE_CHECKS=@@UNIQUE_CHECKS, UNIQUE_CHECKS=0 */;
/*!40014 SET @OLD_FOREIGN_KEY_CHECKS=@@FOREIGN_KEY_CHECKS, FOREIGN_KEY_CHECKS=0 */;
/*!40101 SET @OLD_SQL_MODE=@@SQL_MODE, SQL_MODE='NO_AUTO_VALUE_ON_ZERO' */;
/*!40111 SET @OLD_SQL_NOTES=@@SQL_NOTES, SQL_NOTES=0 */;

--
-- Current Database: `finsight`
--

CREATE DATABASE /*!32312 IF NOT EXISTS*/ `finsight` /*!40100 DEFAULT CHARACTER SET utf8mb4 COLLATE utf8mb4_0900_ai_ci */ /*!80016 DEFAULT ENCRYPTION='N' */;

USE `finsight`;

--
-- Table structure for table `ahp_config_entity`
--

DROP TABLE IF EXISTS `ahp_config_entity`;
/*!40101 SET @saved_cs_client     = @@character_set_client */;
/*!50503 SET character_set_client = utf8mb4 */;
CREATE TABLE `ahp_config_entity` (
  `ahp_config_id` bigint NOT NULL,
  `criteria_json` longtext,
  `pairwise_matrix_json` longtext,
  `weights_json` longtext,
  `user_id` bigint DEFAULT NULL,
  PRIMARY KEY (`ahp_config_id`),
  UNIQUE KEY `UK68xww35lurj6fmx5wrje9qa0t` (`user_id`),
  CONSTRAINT `FKnn4jwyth5mkc7ooby1h5xjjxn` FOREIGN KEY (`user_id`) REFERENCES `user_entity` (`user_id`)
) ENGINE=InnoDB DEFAULT CHARSET=utf8mb4 COLLATE=utf8mb4_0900_ai_ci;
/*!40101 SET character_set_client = @saved_cs_client */;

--
-- Dumping data for table `ahp_config_entity`
--

LOCK TABLES `ahp_config_entity` WRITE;
/*!40000 ALTER TABLE `ahp_config_entity` DISABLE KEYS */;
INSERT INTO `ahp_config_entity` VALUES (123,'[\"DDM\",\"DCFM\",\"RI\",\"PB\",\"PE\",\"PC\",\"PS\"]','[[1,2,4,6,8,3,5],[0.5,1,3,5,7,2,4],[0.25,0.3333,1,4,6,2,3],[0.1667,0.2,0.25,1,5,3,4],[0.125,0.1429,0.1667,0.2,1,4,6],[0.3333,0.5,0.5,0.3333,0.25,1,2],[0.2,0.25,0.3333,0.25,0.1667,0.5,1]]','[0.36054169130844943,0.2480288378648389,0.14925016663614465,0.09478953697548324,0.05704240955712389,0.056807628163416196,0.033539729494543605]',144995632409477120),(2872311493760,'[\"DDM\",\"DCF\",\"RI\",\"P/B\",\"P/E\",\"P/CF\",\"P/S\"]','[[1,0.2,0.5,0.1111111111111111,0.1111111111111111,0.14285714285714285,0.1111111111111111],[5,1,3,0.25,0.16666666666666666,1,0.14285714285714285],[2,0.3333333333333333,1,0.1111111111111111,0.1111111111111111,0.25,0.1111111111111111],[9,4,9,1,1,3,0.5],[9,6,9,1,1,4,1],[7,1,4,0.3333333333333333,0.25,1,0.2],[9,7,9,2,1,5,1]]','[0.01945204726866047,0.0648072416206461,0.027630343633100716,0.2214710717564944,0.2699762604824658,0.08207805953368497,0.31458497570494753]',2872311487616);
/*!40000 ALTER TABLE `ahp_config_entity` ENABLE KEYS */;
UNLOCK TABLES;

--
-- Table structure for table `stock_entity`
--

DROP TABLE IF EXISTS `stock_entity`;
/*!40101 SET @saved_cs_client     = @@character_set_client */;
/*!50503 SET character_set_client = utf8mb4 */;
CREATE TABLE `stock_entity` (
  `stock_id` varchar(255) NOT NULL,
  `industry_pb_ratio` decimal(10,4) DEFAULT NULL,
  `industry_pcf_ratio` decimal(10,4) DEFAULT NULL,
  `industry_pe_ratio` decimal(10,4) DEFAULT NULL,
  `industry_ps_ratio` decimal(10,4) DEFAULT NULL,
  `match_price` decimal(10,2) DEFAULT NULL,
  `pb_ratio` decimal(10,4) DEFAULT NULL,
  `pcf_ratio` decimal(10,4) DEFAULT NULL,
  `pe_ratio` decimal(10,4) DEFAULT NULL,
  `ps_ratio` decimal(10,4) DEFAULT NULL,
  `sector` varchar(255) DEFAULT NULL,
  `stock_name` varchar(255) DEFAULT NULL,
  PRIMARY KEY (`stock_id`)
) ENGINE=InnoDB DEFAULT CHARSET=utf8mb4 COLLATE=utf8mb4_0900_ai_ci;
/*!40101 SET character_set_client = @saved_cs_client */;

--
-- Dumping data for table `stock_entity`
--

LOCK TABLES `stock_entity` WRITE;
/*!40000 ALTER TABLE `stock_entity` DISABLE KEYS */;
INSERT INTO `stock_entity` VALUES ('ACB',1.4000,12.0000,8.1000,4.5000,22.65,1.2608,4.1316,7.4462,3.4424,'Banks','Asia Commercial Joint Stock Bank'),('BID',1.4000,12.0000,8.1000,4.5000,42.25,2.0914,2.9482,11.3818,2.1073,'Banks','Joint Stock Commercial Bank for Investment and Development of Vietnam'),('LPB',1.4000,12.0000,8.1000,4.5000,51.00,3.3118,2.7089,13.3380,6.9626,'Banks','Fortune Vietnam Joint Stock Commercial Bank'),('SHB',1.4000,12.0000,8.1000,4.5000,13.65,1.0361,4.6445,5.9534,1.0992,'Banks','Sai Gon – Ha Noi Commercial Joint Stock Bank'),('STB',1.4000,12.0000,8.1000,4.5000,72.00,2.3832,-4.8477,22.8545,3.9343,'Banks','Saigon Thuong Tin Commercial Joint Stock Bank'),('TCB',1.4000,12.0000,8.1000,4.5000,33.60,1.6711,5.6017,10.9089,5.0516,'Banks','Vietnam Technological and Commercial Joint Stock Bank'),('VCB',1.4000,12.0000,8.1000,4.5000,62.00,1.7895,5.8611,10.2361,5.0529,'Banks','Joint Stock Commercial Bank For Foreign Trade of Viet Nam');
/*!40000 ALTER TABLE `stock_entity` ENABLE KEYS */;
UNLOCK TABLES;

--
-- Table structure for table `stock_year_data`
--

DROP TABLE IF EXISTS `stock_year_data`;
/*!40101 SET @saved_cs_client     = @@character_set_client */;
/*!50503 SET character_set_client = utf8mb4 */;
CREATE TABLE `stock_year_data` (
  `stock_id` varchar(255) NOT NULL,
  `cost_of_equity` decimal(38,2) DEFAULT NULL,
  `dcf` decimal(38,2) DEFAULT NULL,
  `ddm` decimal(38,2) DEFAULT NULL,
  `dividend_growth_rate` decimal(38,2) DEFAULT NULL,
  `dividend_per_share` decimal(38,2) DEFAULT NULL,
  `free_cash_flow` decimal(38,2) DEFAULT NULL,
  `intangibles` decimal(38,2) DEFAULT NULL,
  `net_income` decimal(38,2) DEFAULT NULL,
  `operating_cash_flow` decimal(38,2) DEFAULT NULL,
  `pbv` decimal(38,2) DEFAULT NULL,
  `pcf` decimal(38,2) DEFAULT NULL,
  `pe` decimal(38,2) DEFAULT NULL,
  `price_end_year` decimal(38,2) DEFAULT NULL,
  `ps` decimal(38,2) DEFAULT NULL,
  `revenue` decimal(38,2) DEFAULT NULL,
  `ri` decimal(38,2) DEFAULT NULL,
  `shares_outstanding` bigint DEFAULT NULL,
  `total_equity` decimal(38,2) DEFAULT NULL,
  `wacc` decimal(38,2) DEFAULT NULL,
  `year` int NOT NULL,
  PRIMARY KEY (`stock_id`,`year`),
  CONSTRAINT `FK7xng87lqot07oeu8yqnrkck6n` FOREIGN KEY (`stock_id`) REFERENCES `stock_entity` (`stock_id`)
) ENGINE=InnoDB DEFAULT CHARSET=utf8mb4 COLLATE=utf8mb4_0900_ai_ci;
/*!40101 SET character_set_client = @saved_cs_client */;

--
-- Dumping data for table `stock_year_data`
--

LOCK TABLES `stock_year_data` WRITE;
/*!40000 ALTER TABLE `stock_year_data` DISABLE KEYS */;
INSERT INTO `stock_year_data` VALUES ('ACB',0.11,NULL,0.00,0.03,0.00,10456129000000.00,1065838000000.00,7682823000000.00,10879261000000.00,0.00,0.00,0.00,10.50,0.00,18161309000000.00,17931.36,2161558460,35448163000000.00,0.03,2020),('ACB',0.11,3661307.85,0.00,-0.17,0.00,39289799000000.00,1077478000000.00,9602746000000.00,39925899000000.00,0.00,0.00,0.00,15.90,0.00,23563997000000.00,18636.66,2701948075,44900909000000.00,0.03,2021),('ACB',0.12,33766012.08,555.56,-0.60,1000.00,20763026000000.00,1131644000000.00,13688193000000.00,21274539000000.00,0.00,0.00,0.00,12.80,0.00,28790067000000.00,19720.31,3377435094,58438663000000.00,0.04,2022),('ACB',0.12,16992766.87,8333.33,0.00,1000.00,35859952000000.00,1444993000000.00,16044733000000.00,37136201000000.00,0.00,0.00,0.00,16.75,0.00,32746516000000.00,20499.88,3884050358,70955961000000.00,0.04,2023),('ACB',0.12,9347696.71,8333.33,0.00,1000.00,7450491000000.00,2190172000000.00,16789768000000.00,8370231000000.00,0.00,0.01,0.01,21.55,0.00,33514759000000.00,20281.29,4466657912,83461678000000.00,0.04,2024),('ACB',0.12,5107928.09,8333.33,0.00,1000.00,27458210000000.00,2238063000000.00,15624699000000.00,28160074000000.00,0.00,0.00,0.01,24.00,0.00,33797883000000.00,19226.17,5136656599,94519719000000.00,0.04,2025),('BID',0.14,-320998.54,0.00,0.04,0.00,-68983789000000.00,4694780000000.00,9451839000000.00,-67912880000000.00,1.76,NULL,14.30,33600.00,1.32,102750502000000.00,18737.32,4022013100,81433710000000.00,0.09,2020),('BID',0.14,198203.19,11666.67,0.05,1000.00,42891000000000.00,1275667000000.00,13569766000000.00,43952389000000.00,1.45,2.91,9.43,31600.00,2.00,63859969000000.00,22067.97,4050000000,89325896000000.00,0.09,2021),('BID',0.14,379891.48,11666.67,0.05,1000.00,120000000000000.00,1400000000000.00,18639000000000.00,130257351000000.00,1.55,1.33,9.30,34240.00,2.55,67894000000000.00,22690.65,5060000000,113000000000000.00,0.10,2022),('BID',0.14,-204655.42,34897.50,0.10,1269.00,-72828690000000.00,4694780000000.00,21977000000000.00,-71014990000000.00,2.06,NULL,11.07,42680.00,3.33,73013000000000.00,21918.66,5700435900,122866890000000.00,0.10,2023),('BID',0.12,224618.21,0.00,0.05,0.00,96718336000000.00,5301270000000.00,25604037000000.00,98846776000000.00,1.86,2.62,10.11,37520.00,1.87,138288411000000.00,21622.32,6897515300,144644336000000.00,0.10,2024),('LPB',0.12,451532.60,NULL,NULL,0.00,6693806000000.00,473655000000.00,1861908000000.00,7010901000000.00,0.00,0.00,0.00,5.00,0.00,7771086000000.00,13019.00,1074638900,14231726000000.00,0.05,2020),('LPB',0.12,766055.69,NULL,NULL,0.00,10104578000000.00,491638000000.00,2873248000000.00,10458874000000.00,0.00,0.00,0.00,10.25,0.00,10050689000000.00,14671.38,1203590500,16801877000000.00,0.04,2021),('LPB',0.12,2359073.04,NULL,NULL,0.00,7714522000000.00,490403000000.00,4510253000000.00,7859662000000.00,0.00,0.00,0.00,7.80,0.00,14170311000000.00,15256.77,1729105400,24055154000000.00,0.04,2022),('LPB',0.12,54937.26,NULL,NULL,0.00,2335621000000.00,779344000000.00,5572246000000.00,2763867000000.00,0.00,0.01,0.01,11.90,0.00,15625305000000.00,14218.33,2557616416,34117400000000.00,0.06,2023),('LPB',0.12,632413.55,NULL,NULL,0.00,52546651000000.00,1015998000000.00,9720900000000.00,53654175000000.00,0.00,0.00,0.01,27.50,0.00,19932430000000.00,19014.37,2557616416,43338300000000.00,0.04,2024),('LPB',0.12,39458483.36,NULL,NULL,2920.00,55518771000000.00,1189353000000.00,11422379000000.00,56241284000000.00,0.00,0.00,0.01,39.50,0.01,21881293000000.00,17741.82,2987282100,47192474000000.00,0.04,2025),('SHB',0.11,121705.08,0.00,0.05,0.00,14000000000000.00,4450000000000.00,5008000000000.00,15000000000000.00,0.64,2.08,6.22,16180.00,1.83,17005000000000.00,25051.85,1926000000,53114000000000.00,0.10,2021),('SHB',0.11,-12744.52,8677.69,0.05,500.00,-2334449000000.00,4451542000000.00,7728918000000.00,-2263194000000.00,0.50,NULL,2.49,6270.00,0.99,19340982000000.00,13810.28,3066887010,42904471000000.00,0.10,2022),('SHB',0.11,187487.64,8677.69,0.05,500.00,40529574000000.00,4494438000000.00,7324758000000.00,40770417000000.00,0.63,0.71,3.93,7950.00,0.48,59632138000000.00,13308.33,3619398100,50100280000000.00,0.10,2023),('SHB',0.11,48339.84,8677.69,0.05,500.00,11738393000000.00,4501143000000.00,9321949000000.00,11949125000000.00,0.60,2.68,3.43,7870.00,0.63,50487346000000.00,14355.97,4065747002,58067344000000.00,0.10,2024),('STB',0.15,73191.55,0.00,0.00,0.00,12980974000000.00,3828940000000.00,2681981000000.00,14170428000000.00,0.00,0.00,0.01,16.90,0.00,17270869000000.00,14716.17,1885215716,33313443000000.00,0.14,2020),('STB',0.15,101379.24,0.00,0.00,0.00,17980234000000.00,3676602000000.00,3411496000000.00,19280234000000.00,0.00,0.00,0.02,31.50,0.00,17704317000000.00,15707.62,1885215716,34261336000000.00,0.14,2021),('STB',0.15,-1289109.24,0.00,0.00,0.00,-67502905000000.00,3057882000000.00,5040695000000.00,-67316015000000.00,0.00,NULL,0.01,22.50,0.00,26141290000000.00,19171.97,1885215716,38627070000000.00,0.14,2022),('STB',0.15,-17759.33,0.00,0.00,0.00,-35727914000000.00,2986668000000.00,7718616000000.00,-34440323000000.00,0.00,NULL,0.01,27.95,0.00,26173011000000.00,24066.96,1885215716,45733864000000.00,0.14,2023),('STB',0.15,-16887.43,0.00,0.05,0.00,-33340421000000.00,2979930000000.00,10088000000000.00,-32324561000000.00,0.00,NULL,0.01,36.90,0.00,31120450000000.00,29760.59,1885215716,54972070000000.00,0.13,2024),('STB',0.15,-14651.50,24.44,0.10,1.00,-28926086000000.00,2912327000000.00,5939121000000.00,-28000000000000.00,0.00,NULL,0.02,58.00,0.00,34500210000000.00,29313.79,1885215716,59866744000000.00,0.13,2025),('TCB',0.15,117964.39,0.00,0.03,0.00,26606333000000.00,2479396000000.00,15801896000000.00,28634340000000.00,0.00,0.00,0.00,14.10,0.00,27855913000000.00,22059.11,3511609667,74737301000000.00,0.10,2020),('TCB',0.14,-65568.03,0.00,0.03,0.00,-13959098000000.00,3244246000000.00,18418866000000.00,-12059184000000.00,0.00,NULL,0.00,23.60,0.00,37522619000000.00,28478.70,3511609667,94580596000000.00,0.10,2021),('TCB',0.14,8253.48,0.00,0.03,0.00,25673239000000.00,3923306000000.00,20436363000000.00,27694233000000.00,0.00,0.00,0.00,12.20,0.00,47037980000000.00,33463.80,3517249128,113412358000000.00,0.10,2022),('TCB',0.13,3532.19,0.00,0.03,0.00,10820929000000.00,5365111000000.00,18003802000000.00,12053287000000.00,0.00,0.00,0.00,15.00,0.00,40061092000000.00,37005.14,3522510811,131628065000000.00,0.09,2023),('TCB',0.14,6523.28,6941.92,0.03,738.00,40757669000000.00,5890186000000.00,21760104000000.00,42376555000000.00,0.00,0.00,0.01,24.35,0.00,46990397000000.00,20732.81,7064851739,147939621000000.00,0.10,2024),('VCB',0.12,105824.50,21600.00,0.08,800.00,31588475000000.00,500000000000.00,18451173000000.00,28603453000000.00,1.73,5.57,8.63,42930.00,2.82,56376342000000.00,26987.09,3708870000,92404979000000.00,0.12,2020),('VCB',0.12,-182726.28,27000.00,0.08,1000.00,-54854301000000.00,500000000000.00,21982183000000.00,-56582745000000.00,1.40,NULL,7.59,44720.00,2.73,61165607000000.00,34245.96,3730000000,119779394000000.00,0.12,2021),('VCB',0.12,611003.18,27000.00,0.08,1000.00,183029321000000.00,500000000000.00,29899542000000.00,183421489000000.00,1.25,0.92,5.64,45270.00,2.33,72435750000000.00,40933.95,3722000000,135665810000000.00,0.12,2022),('VCB',0.11,121440.89,7325.58,0.05,450.00,42371839000000.00,1642103000000.00,33054448000000.00,43379999000000.00,1.84,6.91,9.07,53650.00,4.43,67723462000000.00,32088.73,5589091262,165012666000000.00,0.10,2023),('VCB',0.11,276493.01,7325.58,0.05,450.00,57642710000000.00,2562298000000.00,33853117000000.00,59122831000000.00,1.76,5.76,10.06,60950.00,4.97,68578496000000.00,37664.87,5589091262,196209168000000.00,0.07,2024);
/*!40000 ALTER TABLE `stock_year_data` ENABLE KEYS */;
UNLOCK TABLES;

--
-- Table structure for table `subscription`
--

DROP TABLE IF EXISTS `subscription`;
/*!40101 SET @saved_cs_client     = @@character_set_client */;
/*!50503 SET character_set_client = utf8mb4 */;
CREATE TABLE `subscription` (
  `subscription_id` bigint NOT NULL,
  `end_date` datetime(6) DEFAULT NULL,
  `error_message` varchar(255) DEFAULT NULL,
  `start_date` datetime(6) DEFAULT NULL,
  `status` enum('ACTIVE','CANCELED','ERROR','EXPIRED','UNPAID') DEFAULT NULL,
  `subscription_plan_plan_id` int DEFAULT NULL,
  `user_user_id` bigint DEFAULT NULL,
  PRIMARY KEY (`subscription_id`),
  KEY `FK6jyomqae8mhdvs0vomssa53wx` (`subscription_plan_plan_id`),
  KEY `FKinp05ehon8otvaeqw5mc0p9mf` (`user_user_id`),
  CONSTRAINT `FK6jyomqae8mhdvs0vomssa53wx` FOREIGN KEY (`subscription_plan_plan_id`) REFERENCES `subscription_plan_entity` (`plan_id`),
  CONSTRAINT `FKinp05ehon8otvaeqw5mc0p9mf` FOREIGN KEY (`user_user_id`) REFERENCES `user_entity` (`user_id`)
) ENGINE=InnoDB DEFAULT CHARSET=utf8mb4 COLLATE=utf8mb4_0900_ai_ci;
/*!40101 SET character_set_client = @saved_cs_client */;

--
-- Dumping data for table `subscription`
--

LOCK TABLES `subscription` WRITE;
/*!40000 ALTER TABLE `subscription` DISABLE KEYS */;
INSERT INTO `subscription` VALUES (123,'2026-07-05 16:35:17.542128',NULL,'2026-06-05 16:35:17.542128','ACTIVE',1,2872311487616);
/*!40000 ALTER TABLE `subscription` ENABLE KEYS */;
UNLOCK TABLES;

--
-- Table structure for table `subscription_plan_entity`
--

DROP TABLE IF EXISTS `subscription_plan_entity`;
/*!40101 SET @saved_cs_client     = @@character_set_client */;
/*!50503 SET character_set_client = utf8mb4 */;
CREATE TABLE `subscription_plan_entity` (
  `plan_id` int NOT NULL,
  `billing_cycle` enum('MONTHLY','YEARLY') DEFAULT NULL,
  `plan_name` varchar(255) DEFAULT NULL,
  `price` decimal(38,2) DEFAULT NULL,
  PRIMARY KEY (`plan_id`)
) ENGINE=InnoDB DEFAULT CHARSET=utf8mb4 COLLATE=utf8mb4_0900_ai_ci;
/*!40101 SET character_set_client = @saved_cs_client */;

--
-- Dumping data for table `subscription_plan_entity`
--

LOCK TABLES `subscription_plan_entity` WRITE;
/*!40000 ALTER TABLE `subscription_plan_entity` DISABLE KEYS */;
INSERT INTO `subscription_plan_entity` VALUES (1,'MONTHLY','Monthly',10000.00),(2,'YEARLY','Yearly',20000.00);
/*!40000 ALTER TABLE `subscription_plan_entity` ENABLE KEYS */;
UNLOCK TABLES;

--
-- Table structure for table `user_entity`
--

DROP TABLE IF EXISTS `user_entity`;
/*!40101 SET @saved_cs_client     = @@character_set_client */;
/*!50503 SET character_set_client = utf8mb4 */;
CREATE TABLE `user_entity` (
  `user_id` bigint NOT NULL,
  `created_at` datetime(6) DEFAULT NULL,
  `email` varchar(255) DEFAULT NULL,
  `is_admin` bit(1) NOT NULL,
  `password` varchar(255) DEFAULT NULL,
  `phone_number` varchar(255) DEFAULT NULL,
  `username` varchar(255) DEFAULT NULL,
  PRIMARY KEY (`user_id`)
) ENGINE=InnoDB DEFAULT CHARSET=utf8mb4 COLLATE=utf8mb4_0900_ai_ci;
/*!40101 SET character_set_client = @saved_cs_client */;

--
-- Dumping data for table `user_entity`
--

LOCK TABLES `user_entity` WRITE;
/*!40000 ALTER TABLE `user_entity` DISABLE KEYS */;
INSERT INTO `user_entity` VALUES (2872311487616,'2026-06-04 10:37:46.994425','test3@test.com',0x01,'$2a$10$ckEy.FDpPGMiYZ4Un9j6gerhRNRzRLKo3.bg8icZ6XKAJba/eYE7C',NULL,'vuhongquang1'),(144995632409477120,'2026-02-05 02:40:52.654764','testtest@test.com',0x01,'$2a$10$vkNFSbON/goTiMJK/wVRd.jfbb.iW.9K3s4C1Vj7YSHL8w7ZPyOV.','0909999887','testtest123');
/*!40000 ALTER TABLE `user_entity` ENABLE KEYS */;
UNLOCK TABLES;

--
-- Table structure for table `user_favorite_stocks`
--

DROP TABLE IF EXISTS `user_favorite_stocks`;
/*!40101 SET @saved_cs_client     = @@character_set_client */;
/*!50503 SET character_set_client = utf8mb4 */;
CREATE TABLE `user_favorite_stocks` (
  `stock_id` varchar(255) NOT NULL,
  `user_id` bigint NOT NULL,
  PRIMARY KEY (`stock_id`,`user_id`),
  KEY `FK4ims24ofqst69l9dm6b5vj5sy` (`user_id`),
  CONSTRAINT `FK4ims24ofqst69l9dm6b5vj5sy` FOREIGN KEY (`user_id`) REFERENCES `user_entity` (`user_id`),
  CONSTRAINT `FKhmr5q6kc7d4bc6ktcx46uvp90` FOREIGN KEY (`stock_id`) REFERENCES `stock_entity` (`stock_id`)
) ENGINE=InnoDB DEFAULT CHARSET=utf8mb4 COLLATE=utf8mb4_0900_ai_ci;
/*!40101 SET character_set_client = @saved_cs_client */;

--
-- Dumping data for table `user_favorite_stocks`
--

LOCK TABLES `user_favorite_stocks` WRITE;
/*!40000 ALTER TABLE `user_favorite_stocks` DISABLE KEYS */;
/*!40000 ALTER TABLE `user_favorite_stocks` ENABLE KEYS */;
UNLOCK TABLES;

--
-- Dumping events for database 'finsight'
--

--
-- Dumping routines for database 'finsight'
--
/*!40103 SET TIME_ZONE=@OLD_TIME_ZONE */;

/*!40101 SET SQL_MODE=@OLD_SQL_MODE */;
/*!40014 SET FOREIGN_KEY_CHECKS=@OLD_FOREIGN_KEY_CHECKS */;
/*!40014 SET UNIQUE_CHECKS=@OLD_UNIQUE_CHECKS */;
/*!40101 SET CHARACTER_SET_CLIENT=@OLD_CHARACTER_SET_CLIENT */;
/*!40101 SET CHARACTER_SET_RESULTS=@OLD_CHARACTER_SET_RESULTS */;
/*!40101 SET COLLATION_CONNECTION=@OLD_COLLATION_CONNECTION */;
/*!40111 SET SQL_NOTES=@OLD_SQL_NOTES */;

-- Dump completed on 2026-07-04 16:29:18
